Country ,Year,Sector ,GDP_Value_USD_Bn,Employment_%,Growth_Rate_%
France,2013,Agriculture,2286,45%,4.1
Germany,2013,Agriculture,1689,30%,
UK,2011,Agriculture,469,55%,-2.5
France,2014,Manufacturing,1876,30%,
China,2010,Manufacturing,3188,25%,4.1
Brazil,2018,Services,3739,45%,5.6
UK,2014,Services,256,40%,5.6
UK,2015,Services,3440,40%,7.8
France,2011,Manufacturing,3920,12%,
USA,2019,Services,3846,30%,5.6
China,2019,Services,2584,40%,-2.5
France,2010,Manufacturing,2230,12%,3.2
China,2013,Agriculture,4260,35%,-2.5
China,2016,Manufacturing,4356,55%,0
Brazil,2015,Services,4277,40%,
UK,2019,Agriculture,1447,35%,4.1
Germany,2010,Manufacturing,4299,30%,7.8
Brazil,2010,Agriculture,1496,55%,7.8
Brazil,2017,Agriculture,1001,40%,4.1
China,2013,Services,4071,55%,4.1
Japan,2014,Manufacturing,1767,30%,3.2
UK,2022,Services,4292,40%,4.1
USA,2016,Manufacturing,3855,,
Brazil,2017,Manufacturing,3248,25%,0
Germany,2019,Manufacturing,4860,25%,4.1
Japan,2016,Agriculture,1646,12%,5.6
Japan,2011,Agriculture,3783,45%,4.1
USA,2023,Services,3266,12%,5.6
Brazil,2013,Manufacturing,956,55%,5.6
Germany,2019,Manufacturing,3800,,-2.5
UK,2021,Agriculture,4108,45%,5.6
India,2010,Manufacturing,2204,35%,0
Germany,2019,Services,4974,55%,7.8
USA,2018,Manufacturing,1387,25%,-2.5
Japan,2012,Manufacturing,4156,12%,5.6
UK,2021,Agriculture,2545,12%,0
Germany,2012,Manufacturing,3024,30%,3.2
India,2019,Services,2492,35%,0
India,2018,Services,4523,12%,7.8
China,2019,Services,410,12%,0
China,2012,Services,3114,40%,4.1
France,2017,Agriculture,4787,45%,0
USA,2011,Manufacturing,622,55%,4.1
Brazil,2023,Agriculture,2005,45%,4.1
Germany,2022,Services,3094,45%,-2.5
Germany,2012,Manufacturing,1634,12%,7.8
Brazil,2011,Agriculture,2283,40%,5.6
France,2010,Manufacturing,3342,55%,4.1
Japan,2011,Services,3296,12%,4.1
Japan,2017,Services,1864,,7.8
France,2018,Manufacturing,4091,40%,3.2
Japan,2022,Manufacturing,1939,,
China,2011,Services,1949,40%,4.1
Germany,2016,Agriculture,2705,12%,4.1
France,2014,Services,2379,45%,7.8
Germany,2012,Manufacturing,3768,,-2.5
Brazil,2018,Agriculture,1106,25%,5.6
India,2015,Services,2179,,7.8
China,2020,Manufacturing,1556,25%,
UK,2010,Manufacturing,1680,40%,4.1
China,2014,Manufacturing,1041,45%,5.6
France,2016,Agriculture,4640,45%,4.1
UK,2013,Agriculture,1243,12%,-2.5
India,2017,Agriculture,4018,55%,4.1
France,2019,Agriculture,752,,4.1
USA,2014,Manufacturing,1080,12%,0
Germany,2018,Manufacturing,4971,12%,4.1
India,2018,Agriculture,2531,35%,
Germany,2018,Agriculture,612,12%,3.2
Japan,2010,Manufacturing,416,55%,7.8
USA,2011,Services,843,12%,5.6
USA,2012,Services,3153,30%,7.8
India,2023,Manufacturing,4781,45%,4.1
USA,2013,Agriculture,1036,55%,-2.5
UK,2019,Agriculture,1007,,0
USA,2018,Manufacturing,3645,45%,-2.5
Germany,2019,Services,904,40%,
Germany,2022,Manufacturing,1619,35%,4.1
France,2015,Manufacturing,2306,35%,4.1
Germany,2010,Manufacturing,3959,55%,5.6
France,2021,Agriculture,4153,,7.8
Germany,2018,Agriculture,4882,40%,4.1
UK,2015,Agriculture,2272,25%,5.6
Brazil,2013,Services,4226,40%,4.1
France,2023,Manufacturing,287,25%,
China,2013,Manufacturing,3338,55%,
Japan,2012,Services,4332,55%,4.1
India,2016,Agriculture,4775,40%,-2.5
Germany,2012,Manufacturing,1782,40%,7.8
USA,2011,Services,3111,45%,5.6
Brazil,2019,Agriculture,864,35%,7.8
Germany,2017,Agriculture,4759,30%,3.2
USA,2013,Manufacturing,1236,30%,-2.5
Japan,2017,Agriculture,2275,55%,-2.5
Japan,2010,Services,1034,12%,3.2
Japan,2014,Agriculture,847,45%,0
USA,2022,Manufacturing,4212,35%,
Germany,2018,Services,593,45%,5.6
Japan,2010,Agriculture,569,35%,4.1
UK,2020,Agriculture,2596,12%,0
France,2022,Agriculture,1504,35%,7.8
USA,2013,Services,1108,45%,5.6
USA,2015,Agriculture,2286,40%,4.1
Germany,2019,Manufacturing,1162,30%,4.1
USA,2017,Services,3456,35%,5.6
USA,2023,Services,996,45%,
Japan,2012,Agriculture,4080,55%,5.6
Germany,2014,Services,185,30%,3.2
Japan,2016,Manufacturing,2643,12%,4.1
France,2010,Services,842,45%,-2.5
Brazil,2016,Manufacturing,1186,30%,3.2
France,2022,Agriculture,1412,25%,3.2
Brazil,2021,Services,604,25%,4.1
Japan,2020,Manufacturing,2622,,3.2
France,2017,Agriculture,3453,,0
Germany,2017,Manufacturing,2304,35%,3.2
India,2018,Services,1416,55%,-2.5
Japan,2015,Services,998,55%,5.6
Brazil,2021,Manufacturing,153,25%,0
UK,2015,Agriculture,1096,35%,4.1
Brazil,2011,Agriculture,4076,30%,
UK,2012,Agriculture,2664,30%,3.2
USA,2013,Agriculture,3381,55%,3.2
France,2013,Manufacturing,1013,55%,5.6
UK,2017,Services,3321,40%,5.6
Brazil,2023,Manufacturing,887,30%,
USA,2010,Services,2508,35%,0
India,2019,Services,931,45%,
Germany,2023,Manufacturing,3238,25%,
Germany,2013,Manufacturing,4569,,-2.5
Germany,2020,Agriculture,2252,40%,0
UK,2021,Services,3384,55%,5.6
India,2022,Agriculture,2248,40%,-2.5
UK,2020,Agriculture,261,40%,4.1
France,2020,Manufacturing,1265,45%,3.2
UK,2013,Agriculture,930,45%,
India,2010,Agriculture,804,45%,3.2
India,2012,Agriculture,750,45%,7.8
France,2014,Manufacturing,2269,12%,5.6
India,2015,Agriculture,420,12%,7.8
Brazil,2018,Agriculture,1782,,0
India,2018,Manufacturing,851,35%,0
Germany,2018,Manufacturing,1039,25%,
Brazil,2020,Manufacturing,4821,30%,-2.5
Brazil,2010,Services,465,35%,
France,2021,Manufacturing,3015,30%,5.6
China,2018,Services,3387,40%,-2.5
China,2022,Manufacturing,3662,12%,-2.5
India,2017,Manufacturing,1670,30%,4.1
Brazil,2011,Manufacturing,1585,35%,4.1
China,2022,Services,4394,35%,0
China,2020,Agriculture,2842,45%,0
India,2010,Manufacturing,622,55%,
China,2010,Services,4943,12%,5.6
UK,2021,Manufacturing,4906,12%,0
USA,2015,Agriculture,3705,35%,5.6
France,2018,Services,342,55%,7.8
USA,2016,Manufacturing,4343,35%,
India,2014,Manufacturing,129,25%,3.2
Germany,2020,Manufacturing,4282,12%,
France,2011,Agriculture,4358,30%,7.8
India,2010,Services,1912,45%,4.1
Brazil,2011,Manufacturing,668,45%,4.1
Germany,2010,Manufacturing,1009,45%,0
USA,2012,Services,3328,,3.2
India,2015,Agriculture,3785,,3.2
Brazil,2022,Agriculture,2263,12%,
France,2017,Agriculture,3624,12%,
France,2012,Agriculture,4046,45%,-2.5
Japan,2019,Agriculture,2527,30%,3.2
Brazil,2018,Manufacturing,3301,30%,5.6
UK,2019,Manufacturing,2218,40%,0
China,2014,Manufacturing,3295,12%,4.1
Germany,2016,Services,2428,30%,0
Brazil,2017,Agriculture,1772,30%,-2.5
Japan,2012,Services,1211,45%,
China,2011,Agriculture,1939,25%,
China,2011,Agriculture,2090,25%,-2.5
India,2014,Services,4021,25%,0
China,2010,Manufacturing,3451,35%,-2.5
UK,2011,Services,3359,35%,3.2
France,2022,Manufacturing,1149,55%,4.1
Japan,2018,Agriculture,4068,30%,3.2
China,2016,Manufacturing,1738,55%,5.6
India,2015,Agriculture,4182,55%,
UK,2018,Agriculture,894,25%,-2.5
USA,2016,Manufacturing,1693,30%,0
France,2023,Agriculture,2383,25%,
France,2020,Manufacturing,1313,25%,
Japan,2014,Services,2984,30%,7.8
France,2018,Agriculture,3735,12%,0
China,2015,Agriculture,265,12%,
India,2015,Services,4826,25%,7.8
France,2020,Agriculture,3707,45%,7.8
France,2013,Services,2390,55%,4.1
USA,2022,Services,1557,35%,5.6
USA,2021,Agriculture,2140,55%,7.8
Germany,2010,Services,3428,45%,3.2
UK,2014,Services,1166,30%,3.2
China,2020,Services,2790,30%,
France,2018,Agriculture,2211,,5.6
Brazil,2022,Services,3306,12%,0
France,2017,Manufacturing,3018,40%,0
India,2017,Manufacturing,1198,25%,
Germany,2014,Services,3226,12%,
UK,2021,Manufacturing,4303,30%,0
Brazil,2018,Agriculture,3395,12%,0
Germany,2012,Services,4011,30%,3.2
Japan,2012,Agriculture,1190,45%,3.2
UK,2010,Manufacturing,2983,12%,5.6
France,2018,Manufacturing,2157,12%,5.6
France,2015,Manufacturing,2498,40%,5.6
UK,2011,Manufacturing,877,55%,0
France,2017,Agriculture,1253,55%,0
China,2021,Services,3353,,3.2
UK,2018,Agriculture,894,30%,3.2
Germany,2018,Services,3021,45%,-2.5
UK,2011,Manufacturing,1318,40%,-2.5
Brazil,2011,Manufacturing,4783,25%,
France,2022,Manufacturing,4794,40%,0
China,2016,Manufacturing,1679,55%,
China,2020,Agriculture,3580,40%,3.2
Japan,2013,Services,853,30%,0
Germany,2022,Services,177,,
USA,2010,Manufacturing,1001,12%,
USA,2017,Agriculture,2314,,7.8
UK,2011,Manufacturing,69,,-2.5
Japan,2023,Services,3688,35%,5.6
India,2012,Services,1831,55%,0
UK,2014,Agriculture,3884,,4.1
Japan,2023,Services,3181,,7.8
Germany,2012,Agriculture,4820,35%,5.6
Germany,2016,Manufacturing,4884,25%,
Germany,2016,Manufacturing,606,30%,7.8
Germany,2023,Agriculture,2294,30%,4.1
Germany,2011,Manufacturing,3033,12%,3.2
Japan,2022,Agriculture,3613,55%,3.2
Japan,2022,Manufacturing,2775,40%,3.2
China,2016,Manufacturing,4649,25%,
Brazil,2020,Services,4883,40%,5.6
USA,2015,Services,4937,40%,5.6
France,2019,Agriculture,3381,45%,3.2
Germany,2018,Manufacturing,246,25%,
India,2022,Manufacturing,2878,45%,5.6
France,2018,Manufacturing,4889,45%,3.2
Japan,2011,Services,4038,55%,0
India,2016,Agriculture,2519,35%,3.2
India,2014,Agriculture,1680,45%,
India,2022,Agriculture,3328,12%,-2.5
China,2015,Manufacturing,2088,55%,0
Japan,2010,Agriculture,2529,,
India,2016,Services,4380,,4.1
Germany,2015,Services,4624,45%,3.2
UK,2013,Agriculture,2525,55%,-2.5
India,2010,Manufacturing,4811,12%,3.2
China,2018,Services,3359,55%,0
France,2013,Services,3228,40%,3.2
Japan,2011,Manufacturing,1437,55%,5.6
Brazil,2017,Manufacturing,691,40%,3.2
China,2011,Agriculture,624,,0
India,2014,Services,3194,45%,7.8
Japan,2020,Services,1771,25%,3.2
UK,2015,Agriculture,1068,30%,5.6
India,2020,Agriculture,4108,55%,4.1
China,2022,Services,3470,30%,0
USA,2017,Services,449,45%,-2.5
Germany,2020,Manufacturing,4740,,7.8
Brazil,2010,Manufacturing,1506,30%,4.1
France,2010,Services,1645,12%,
China,2021,Services,166,40%,3.2
Japan,2013,Manufacturing,432,12%,0
Brazil,2014,Agriculture,2179,30%,5.6
Brazil,2022,Agriculture,1900,25%,5.6
Brazil,2022,Services,881,12%,0
India,2018,Services,2750,45%,4.1
Germany,2020,Manufacturing,2831,25%,5.6
India,2023,Services,3531,40%,
Japan,2016,Agriculture,2167,,4.1
India,2016,Manufacturing,4532,45%,7.8
USA,2017,Manufacturing,2056,,-2.5
Germany,2014,Agriculture,2621,30%,4.1
Germany,2014,Agriculture,346,,5.6
Japan,2010,Manufacturing,768,25%,5.6
France,2023,Services,3186,25%,-2.5
USA,2018,Agriculture,3129,45%,7.8
China,2015,Manufacturing,60,25%,7.8
India,2018,Services,4930,45%,7.8
UK,2012,Services,460,12%,
India,2014,Manufacturing,2989,40%,4.1
Brazil,2011,Agriculture,2704,12%,5.6
India,2019,Services,3236,40%,4.1
China,2014,Agriculture,3500,30%,5.6
India,2022,Manufacturing,648,55%,7.8
USA,2022,Agriculture,873,35%,5.6
USA,2022,Services,2447,35%,4.1
Germany,2023,Manufacturing,4164,12%,3.2
Japan,2017,Services,362,55%,4.1
France,2020,Services,3024,30%,5.6
UK,2011,Manufacturing,3788,35%,
Brazil,2017,Manufacturing,2542,45%,7.8
India,2013,Agriculture,1995,45%,4.1
India,2019,Manufacturing,280,25%,0
China,2019,Agriculture,3790,30%,7.8
Japan,2010,Manufacturing,2722,35%,0
USA,2022,Services,3504,,5.6
UK,2014,Agriculture,3633,30%,5.6
Germany,2022,Manufacturing,93,45%,
USA,2010,Agriculture,2974,35%,0
Brazil,2016,Agriculture,3743,25%,4.1
Japan,2017,Agriculture,2320,12%,7.8
Brazil,2012,Services,3507,55%,-2.5
France,2012,Manufacturing,2999,,4.1
Germany,2016,Manufacturing,2368,25%,-2.5
France,2013,Agriculture,3435,25%,7.8
China,2012,Manufacturing,2344,25%,5.6
Brazil,2017,Services,3045,55%,0
China,2012,Agriculture,3688,45%,4.1
India,2022,Services,4966,35%,0
France,2023,Services,3417,12%,7.8
Japan,2016,Manufacturing,3334,40%,7.8
Brazil,2011,Manufacturing,2392,12%,3.2
UK,2020,Agriculture,220,,
Germany,2020,Services,4391,55%,0
USA,2010,Manufacturing,1689,12%,
Japan,2021,Agriculture,666,,3.2
Japan,2015,Agriculture,289,30%,5.6
China,2017,Manufacturing,4543,,0
France,2010,Services,1906,30%,
Brazil,2022,Agriculture,972,55%,7.8
Brazil,2019,Manufacturing,4937,55%,7.8
India,2021,Agriculture,1954,35%,5.6
India,2018,Manufacturing,3199,35%,
Germany,2012,Agriculture,862,55%,
China,2012,Services,1780,35%,-2.5
Japan,2013,Agriculture,881,45%,3.2
Brazil,2020,Manufacturing,3474,25%,7.8
UK,2010,Manufacturing,2257,12%,
China,2018,Manufacturing,4889,12%,4.1
Germany,2020,Services,3482,40%,0
Germany,2012,Manufacturing,4958,12%,
China,2022,Manufacturing,3418,12%,0
Germany,2019,Services,2277,45%,4.1
China,2013,Manufacturing,2310,45%,0
USA,2010,Manufacturing,4675,25%,5.6
China,2013,Services,2967,55%,4.1
France,2022,Agriculture,3570,35%,-2.5
China,2010,Manufacturing,4430,25%,3.2
Germany,2014,Agriculture,2758,40%,0
Brazil,2014,Services,1870,12%,0
France,2023,Manufacturing,698,35%,7.8
Germany,2020,Manufacturing,238,40%,-2.5
India,2016,Services,1272,25%,7.8
India,2023,Manufacturing,528,12%,5.6
Brazil,2017,Agriculture,3112,25%,5.6
Brazil,2013,Agriculture,2075,12%,3.2
France,2016,Services,4662,30%,4.1
USA,2013,Manufacturing,1938,,5.6
Brazil,2012,Manufacturing,1600,12%,4.1
India,2015,Services,2966,30%,3.2
China,2013,Agriculture,3305,30%,7.8
Germany,2023,Agriculture,2856,30%,0
India,2012,Services,83,,0
India,2018,Manufacturing,345,45%,4.1
USA,2014,Agriculture,2550,12%,-2.5
France,2022,Manufacturing,3829,25%,5.6
France,2023,Agriculture,3626,35%,-2.5
Japan,2016,Manufacturing,1479,45%,-2.5
USA,2021,Agriculture,2239,,0
China,2023,Manufacturing,2037,35%,5.6
France,2015,Services,4793,,0
Germany,2019,Agriculture,2932,30%,4.1
Brazil,2014,Services,1759,30%,
USA,2016,Agriculture,2827,40%,-2.5
Brazil,2020,Agriculture,3747,55%,5.6
India,2015,Agriculture,1597,30%,
Germany,2019,Manufacturing,512,35%,
Germany,2011,Agriculture,3365,30%,
India,2022,Services,3354,55%,4.1
USA,2022,Manufacturing,563,40%,0
India,2022,Manufacturing,4146,55%,3.2
Brazil,2012,Agriculture,3616,45%,
Japan,2011,Manufacturing,3853,35%,3.2
Germany,2021,Agriculture,3737,,7.8
UK,2012,Services,3988,12%,7.8
UK,2010,Manufacturing,3539,45%,5.6
Brazil,2017,Manufacturing,1521,45%,7.8
China,2015,Services,387,12%,4.1
France,2022,Services,3131,35%,5.6
India,2011,Agriculture,3462,,-2.5
India,2017,Manufacturing,2442,45%,3.2
China,2015,Services,1026,55%,5.6
China,2016,Manufacturing,2295,12%,4.1
Brazil,2020,Services,4118,,4.1
Brazil,2010,Manufacturing,1753,25%,-2.5
China,2016,Services,921,45%,3.2
Germany,2012,Manufacturing,3459,,0
Brazil,2020,Agriculture,2639,55%,-2.5
Japan,2021,Manufacturing,4602,35%,0
Brazil,2017,Agriculture,1599,35%,7.8
India,2015,Agriculture,3557,12%,4.1
Brazil,2013,Agriculture,4511,55%,5.6
Germany,2020,Manufacturing,2671,12%,3.2
China,2017,Manufacturing,2579,45%,4.1
India,2018,Agriculture,2207,12%,7.8
Brazil,2019,Services,2406,25%,-2.5
Germany,2011,Manufacturing,209,12%,4.1
Japan,2015,Manufacturing,4989,12%,7.8
Brazil,2014,Manufacturing,2152,45%,0
Germany,2014,Manufacturing,2858,55%,4.1
Japan,2019,Agriculture,2049,,0
China,2020,Services,2631,,
Brazil,2012,Services,3043,25%,5.6
Japan,2021,Services,2984,12%,7.8
India,2017,Services,2361,45%,
China,2023,Agriculture,2845,45%,3.2
India,2017,Manufacturing,4378,30%,0
UK,2021,Manufacturing,4378,,-2.5
USA,2014,Agriculture,3638,45%,7.8
Brazil,2017,Manufacturing,3166,55%,3.2
Japan,2019,Agriculture,4703,12%,3.2
USA,2017,Services,3797,35%,4.1
USA,2012,Agriculture,1999,,3.2
Japan,2011,Manufacturing,1509,40%,3.2
China,2018,Manufacturing,4480,40%,
Brazil,2011,Manufacturing,2501,,0
UK,2018,Services,4401,25%,5.6
India,2013,Agriculture,3117,35%,7.8
Germany,2021,Agriculture,4140,55%,0
India,2022,Manufacturing,3038,40%,4.1
Germany,2011,Agriculture,821,,5.6
India,2019,Manufacturing,1161,12%,3.2
Japan,2010,Agriculture,3361,35%,-2.5
UK,2013,Services,4456,35%,3.2
Brazil,2018,Services,1644,40%,5.6
Germany,2021,Agriculture,2779,,5.6
Brazil,2018,Services,1331,35%,-2.5
Brazil,2013,Services,3635,25%,
Brazil,2018,Services,2878,12%,0
France,2021,Manufacturing,2423,45%,
China,2015,Agriculture,4935,12%,-2.5
India,2010,Agriculture,391,40%,3.2
Brazil,2019,Manufacturing,4983,,7.8
India,2022,Manufacturing,4773,35%,0
Brazil,2023,Services,2868,12%,7.8
Germany,2015,Agriculture,2975,45%,4.1
China,2018,Manufacturing,1322,30%,7.8
China,2022,Services,759,25%,0
Japan,2011,Agriculture,788,12%,3.2
France,2015,Services,1828,12%,
Japan,2011,Agriculture,4640,25%,4.1
Japan,2013,Services,4180,25%,5.6
Japan,2017,Agriculture,3768,,3.2
Japan,2022,Agriculture,4963,35%,
Japan,2016,Agriculture,59,35%,5.6
UK,2020,Agriculture,1787,,5.6
China,2021,Services,2628,25%,0
Japan,2022,Manufacturing,1608,45%,0
Brazil,2018,Agriculture,2192,30%,-2.5
China,2016,Agriculture,2673,35%,
China,2010,Agriculture,4050,45%,4.1
USA,2011,Agriculture,4595,25%,7.8
UK,2015,Services,2193,12%,7.8
Japan,2016,Manufacturing,914,,7.8
India,2012,Manufacturing,1850,30%,7.8
Germany,2018,Manufacturing,3502,40%,-2.5
France,2022,Services,2766,25%,5.6
Brazil,2016,Manufacturing,4352,25%,-2.5
India,2023,Services,1859,30%,
UK,2015,Services,4995,55%,4.1
Germany,2022,Agriculture,4391,25%,0
UK,2015,Services,2047,35%,3.2
Brazil,2010,Manufacturing,2981,40%,5.6
China,2022,Manufacturing,2180,12%,5.6
Germany,2014,Manufacturing,4462,45%,-2.5
China,2019,Agriculture,2742,55%,0
Brazil,2012,Agriculture,3226,40%,0
India,2016,Agriculture,2846,,
Brazil,2019,Services,4745,35%,4.1
India,2012,Manufacturing,1605,12%,5.6
Germany,2014,Services,3740,40%,-2.5
Germany,2016,Services,4986,45%,7.8
Japan,2023,Manufacturing,3622,12%,5.6
UK,2012,Agriculture,4493,35%,7.8
Japan,2022,Manufacturing,380,,3.2
UK,2022,Services,4755,,0
Japan,2019,Services,1994,12%,5.6
China,2011,Agriculture,4889,25%,3.2
Germany,2015,Services,4008,12%,7.8
India,2017,Services,4714,25%,5.6
UK,2013,Manufacturing,1734,40%,3.2
Brazil,2018,Agriculture,2486,,5.6
UK,2021,Manufacturing,1020,35%,3.2
India,2021,Manufacturing,796,55%,3.2
Japan,2017,Manufacturing,2234,25%,7.8
UK,2016,Services,1434,30%,0
France,2023,Services,4080,30%,-2.5
China,2016,Agriculture,1068,30%,3.2
Germany,2012,Services,2628,,0
India,2023,Agriculture,4161,40%,
Germany,2015,Manufacturing,4713,12%,-2.5
France,2022,Manufacturing,3990,,7.8
UK,2022,Services,2074,12%,5.6
UK,2014,Services,1592,12%,0
Brazil,2010,Agriculture,2761,,4.1
France,2020,Services,3096,35%,5.6
India,2012,Services,1504,45%,5.6
Brazil,2022,Services,3053,12%,-2.5
China,2021,Manufacturing,1752,12%,
Brazil,2010,Services,4470,25%,0
USA,2013,Services,3923,55%,3.2
India,2019,Manufacturing,171,,
USA,2012,Manufacturing,1526,12%,-2.5
France,2020,Manufacturing,315,40%,0
Japan,2013,Manufacturing,77,35%,3.2
USA,2018,Services,2174,45%,4.1
China,2012,Services,481,45%,4.1
Brazil,2021,Services,3827,40%,5.6
Japan,2015,Agriculture,4581,30%,7.8
Brazil,2015,Manufacturing,1135,45%,7.8
USA,2016,Services,2144,30%,-2.5
Brazil,2018,Services,2535,35%,
France,2021,Services,150,45%,4.1
Japan,2016,Manufacturing,2204,,3.2
France,2023,Manufacturing,3098,45%,3.2
USA,2010,Manufacturing,849,25%,7.8
France,2017,Services,3872,45%,3.2
China,2014,Manufacturing,1345,25%,0
USA,2018,Services,484,30%,0
USA,2019,Agriculture,3854,25%,7.8
USA,2022,Manufacturing,2663,30%,5.6
India,2021,Manufacturing,965,25%,5.6
Brazil,2014,Services,2325,35%,5.6
India,2014,Manufacturing,4690,12%,7.8
India,2021,Manufacturing,697,55%,-2.5
China,2021,Services,2345,40%,4.1
Japan,2023,Services,4128,40%,4.1
Brazil,2011,Services,1481,,3.2
France,2021,Agriculture,2411,,0
UK,2020,Services,4182,45%,
USA,2012,Manufacturing,773,30%,4.1
France,2019,Agriculture,1597,55%,0
USA,2018,Services,1029,12%,
China,2016,Agriculture,133,25%,-2.5
USA,2010,Agriculture,3536,25%,3.2
India,2012,Manufacturing,1415,40%,5.6
Brazil,2021,Agriculture,4864,25%,
UK,2011,Services,599,30%,0
Germany,2010,Agriculture,3542,40%,4.1
USA,2018,Agriculture,2812,25%,4.1
France,2017,Manufacturing,3903,30%,5.6
India,2014,Manufacturing,4732,45%,5.6
Germany,2020,Services,3249,12%,7.8
UK,2021,Manufacturing,201,40%,7.8
Germany,2011,Services,3548,12%,3.2
India,2010,Services,2262,40%,0
Brazil,2016,Manufacturing,3035,40%,7.8
Brazil,2022,Agriculture,4144,12%,3.2
Japan,2020,Manufacturing,1617,55%,-2.5
Brazil,2020,Agriculture,261,,5.6
Japan,2011,Agriculture,4887,40%,0
Germany,2010,Services,2229,25%,0
China,2011,Services,3273,35%,3.2
France,2016,Manufacturing,4241,30%,7.8
France,2016,Agriculture,1576,,5.6
Germany,2019,Manufacturing,571,12%,5.6
USA,2015,Services,3996,30%,0
USA,2014,Agriculture,1752,55%,0
Brazil,2012,Manufacturing,67,45%,5.6
France,2023,Manufacturing,3530,30%,-2.5
France,2021,Services,1769,25%,3.2
Japan,2012,Services,3366,55%,-2.5
China,2020,Services,4064,,7.8
India,2022,Services,928,30%,-2.5
USA,2021,Manufacturing,643,35%,-2.5
France,2018,Services,4788,35%,7.8
Japan,2013,Services,4946,45%,
UK,2018,Manufacturing,4600,12%,4.1
Japan,2013,Manufacturing,1659,12%,4.1
USA,2011,Agriculture,925,55%,
USA,2013,Manufacturing,3281,40%,3.2
Japan,2015,Agriculture,2498,,4.1
India,2015,Services,4607,55%,5.6
Germany,2014,Agriculture,2186,,-2.5
USA,2010,Agriculture,2103,12%,3.2
Japan,2012,Services,133,12%,7.8
France,2014,Services,1489,55%,4.1
Japan,2015,Services,2718,25%,
China,2023,Agriculture,2269,,3.2
Germany,2010,Manufacturing,748,,
UK,2023,Manufacturing,1870,30%,-2.5
India,2023,Manufacturing,4675,35%,5.6
Brazil,2018,Services,4464,30%,7.8
UK,2023,Services,1148,35%,7.8
Germany,2012,Manufacturing,2944,45%,-2.5
Germany,2019,Services,3467,35%,
Germany,2022,Agriculture,298,,3.2
UK,2012,Agriculture,4532,40%,5.6
France,2020,Services,2007,55%,7.8
Germany,2011,Manufacturing,1940,25%,-2.5
Japan,2017,Manufacturing,4508,30%,-2.5
UK,2022,Agriculture,3417,55%,0
Brazil,2012,Services,2165,12%,
Germany,2015,Manufacturing,3113,,0
Japan,2011,Manufacturing,1856,12%,3.2
France,2016,Services,345,,4.1
China,2022,Services,2744,35%,-2.5
France,2013,Manufacturing,2041,25%,
Brazil,2018,Services,3989,,3.2
Germany,2023,Services,81,45%,3.2
Brazil,2019,Services,4700,55%,5.6
UK,2018,Manufacturing,3925,30%,0
USA,2016,Agriculture,4450,45%,3.2
Germany,2021,Services,842,45%,5.6
USA,2017,Manufacturing,4241,45%,5.6
Japan,2012,Agriculture,1139,45%,
China,2020,Manufacturing,279,55%,0
India,2014,Manufacturing,2830,12%,0
Brazil,2011,Manufacturing,4503,55%,-2.5
France,2019,Agriculture,4547,30%,3.2
China,2016,Manufacturing,839,12%,5.6
Germany,2022,Agriculture,4244,30%,-2.5
USA,2017,Services,4416,12%,
France,2018,Agriculture,1848,55%,3.2
USA,2020,Manufacturing,4030,55%,3.2
UK,2020,Agriculture,4507,55%,-2.5
USA,2016,Manufacturing,3290,,5.6
UK,2019,Services,4685,12%,-2.5
Japan,2019,Agriculture,3906,55%,3.2
France,2022,Services,4978,25%,-2.5
France,2017,Agriculture,363,35%,-2.5
India,2021,Manufacturing,282,35%,
Germany,2018,Agriculture,3557,25%,3.2
UK,2015,Services,1079,35%,0
India,2021,Agriculture,3656,12%,
USA,2021,Services,2761,30%,4.1
USA,2019,Services,4389,30%,5.6
India,2011,Manufacturing,2338,55%,3.2
France,2011,Agriculture,4049,55%,
USA,2013,Services,2655,40%,4.1
Brazil,2018,Manufacturing,3394,,
Japan,2016,Manufacturing,2172,30%,0
Japan,2011,Manufacturing,2380,55%,-2.5
Brazil,2017,Services,3829,25%,0
India,2020,Agriculture,4232,25%,3.2
Brazil,2016,Services,930,12%,
UK,2018,Manufacturing,3027,25%,
UK,2017,Services,1222,30%,3.2
India,2012,Services,209,30%,4.1
Brazil,2010,Manufacturing,2543,,-2.5
UK,2011,Agriculture,2179,55%,4.1
France,2023,Manufacturing,3128,,
Brazil,2022,Manufacturing,2279,40%,3.2
France,2011,Services,2967,12%,4.1
UK,2013,Manufacturing,3063,12%,7.8
Japan,2015,Services,1599,55%,0
UK,2013,Manufacturing,4623,45%,7.8
France,2018,Manufacturing,3435,55%,7.8
China,2013,Agriculture,1629,12%,0
Germany,2015,Manufacturing,3421,30%,3.2
USA,2015,Agriculture,2010,30%,0
Brazil,2019,Manufacturing,3894,45%,-2.5
China,2020,Manufacturing,4747,55%,7.8
UK,2019,Manufacturing,2440,55%,
Japan,2010,Agriculture,1469,45%,7.8
India,2017,Services,3967,45%,4.1
UK,2021,Agriculture,3885,35%,3.2
Japan,2012,Manufacturing,4478,30%,0
Germany,2022,Services,4500,,
UK,2015,Manufacturing,3680,40%,4.1
France,2012,Agriculture,4992,30%,5.6
India,2020,Agriculture,212,45%,
Japan,2011,Services,165,30%,3.2
Japan,2014,Agriculture,1520,30%,3.2
Japan,2023,Manufacturing,3129,25%,3.2
Germany,2010,Services,3902,45%,4.1
UK,2018,Manufacturing,2888,12%,0
Germany,2020,Services,592,40%,3.2
Brazil,2016,Services,463,45%,4.1
USA,2012,Manufacturing,731,55%,-2.5
USA,2013,Agriculture,691,25%,-2.5
Brazil,2022,Manufacturing,4028,40%,7.8
UK,2015,Agriculture,1482,30%,7.8
France,2012,Agriculture,718,40%,0
Germany,2021,Manufacturing,2119,45%,5.6
India,2016,Services,1018,25%,7.8
Japan,2022,Manufacturing,1230,,7.8
Japan,2015,Services,4869,40%,7.8
UK,2018,Agriculture,3285,40%,
France,2021,Services,301,35%,4.1
USA,2014,Manufacturing,4350,25%,7.8
USA,2013,Services,2929,55%,3.2
Japan,2012,Agriculture,4048,35%,7.8
UK,2019,Agriculture,840,45%,
Germany,2010,Services,4610,,0
USA,2012,Agriculture,1545,40%,
Germany,2012,Agriculture,4539,,3.2
France,2016,Services,3118,40%,
USA,2016,Agriculture,2757,,3.2
USA,2022,Services,2627,25%,0
China,2021,Services,1285,35%,5.6
USA,2010,Agriculture,1108,45%,7.8
Brazil,2012,Services,1220,,-2.5
India,2022,Agriculture,3668,30%,5.6
Brazil,2017,Agriculture,3709,30%,7.8
UK,2018,Agriculture,3705,,-2.5
UK,2016,Manufacturing,106,,3.2
Germany,2016,Agriculture,1942,,
Brazil,2021,Services,2619,45%,3.2
Brazil,2020,Services,4130,25%,3.2
Brazil,2017,Services,4506,,7.8
France,2015,Manufacturing,1998,,0
USA,2020,Manufacturing,272,25%,3.2
India,2012,Services,1689,35%,4.1
Germany,2010,Services,4472,25%,3.2
Brazil,2016,Manufacturing,1807,45%,3.2
Brazil,2010,Services,885,30%,
China,2010,Agriculture,2586,55%,7.8
Germany,2018,Agriculture,2575,40%,-2.5
Brazil,2022,Services,1034,35%,5.6
Germany,2019,Agriculture,1407,55%,3.2
USA,2016,Services,4937,30%,5.6
China,2022,Manufacturing,3110,30%,0
Germany,2020,Services,4527,,0
India,2022,Manufacturing,1496,55%,4.1
India,2013,Agriculture,1421,45%,0
UK,2015,Agriculture,3274,55%,3.2
China,2010,Agriculture,1924,12%,5.6
China,2016,Services,2549,35%,-2.5
UK,2021,Manufacturing,3411,30%,7.8
Germany,2015,Manufacturing,1192,45%,5.6
China,2013,Agriculture,4359,25%,7.8
India,2016,Agriculture,614,30%,4.1
India,2012,Manufacturing,4877,40%,5.6
Brazil,2010,Services,4584,45%,3.2
USA,2013,Agriculture,1638,25%,-2.5
China,2012,Services,4035,45%,3.2
Germany,2010,Agriculture,4774,12%,0
UK,2011,Agriculture,1520,35%,-2.5
UK,2020,Services,3964,,
Germany,2014,Services,3163,,
France,2017,Services,4540,55%,5.6
Japan,2010,Services,4392,40%,4.1
USA,2013,Manufacturing,3412,45%,3.2
UK,2023,Manufacturing,1686,35%,7.8
China,2013,Agriculture,2962,35%,3.2
USA,2014,Agriculture,1522,35%,3.2
China,2016,Agriculture,1294,35%,5.6
France,2022,Manufacturing,3787,35%,5.6
India,2021,Services,2148,40%,0
USA,2017,Agriculture,2647,55%,4.1
Brazil,2015,Manufacturing,2562,,-2.5
UK,2010,Agriculture,4564,55%,3.2
USA,2016,Manufacturing,308,45%,7.8
USA,2012,Services,2408,,
USA,2022,Manufacturing,3443,,
Japan,2022,Services,3828,30%,5.6
USA,2022,Agriculture,3461,25%,5.6
China,2015,Services,1318,45%,0
India,2017,Manufacturing,989,40%,-2.5
France,2016,Agriculture,2426,35%,
Germany,2019,Agriculture,4001,25%,0
USA,2015,Manufacturing,245,,5.6
UK,2018,Services,4207,40%,4.1
USA,2018,Manufacturing,3146,40%,7.8
UK,2010,Services,3685,45%,0
China,2010,Services,611,25%,4.1
UK,2010,Agriculture,3499,,3.2
Brazil,2017,Services,3416,55%,5.6
Germany,2021,Agriculture,3173,35%,5.6
India,2022,Manufacturing,2941,40%,0
UK,2023,Manufacturing,89,25%,7.8
UK,2021,Agriculture,1817,12%,0
India,2023,Agriculture,2554,30%,4.1
Germany,2019,Services,837,30%,7.8
USA,2016,Agriculture,1926,35%,5.6
UK,2012,Manufacturing,4147,55%,4.1
India,2022,Agriculture,1542,55%,0
Brazil,2011,Agriculture,1179,45%,-2.5
Brazil,2013,Agriculture,2313,40%,
China,2012,Services,4922,,0
India,2016,Agriculture,4559,12%,0
China,2019,Services,4071,25%,4.1
Brazil,2017,Services,4355,40%,-2.5
Germany,2015,Agriculture,2235,45%,-2.5
USA,2012,Services,1694,55%,3.2
India,2015,Agriculture,3610,25%,-2.5
France,2011,Manufacturing,2735,55%,7.8
Brazil,2021,Manufacturing,4871,55%,
Brazil,2016,Services,1462,12%,
France,2023,Manufacturing,1271,35%,3.2
Japan,2020,Agriculture,2299,25%,7.8
Brazil,2019,Services,2289,12%,4.1
UK,2023,Agriculture,4252,,3.2
Germany,2016,Services,4472,40%,4.1
India,2013,Services,693,55%,3.2
France,2022,Services,4502,55%,
UK,2017,Services,2598,12%,4.1
France,2013,Manufacturing,4653,,7.8
India,2016,Manufacturing,3855,25%,5.6
China,2013,Manufacturing,4340,55%,
India,2022,Services,4192,,5.6
Japan,2021,Manufacturing,1435,25%,0
India,2014,Services,2634,12%,4.1
India,2016,Manufacturing,1651,55%,5.6
Japan,2022,Services,4992,45%,
Germany,2023,Manufacturing,4854,45%,0
Brazil,2023,Manufacturing,3367,55%,5.6
India,2022,Manufacturing,857,35%,0
Japan,2019,Services,2709,55%,
UK,2012,Services,164,55%,0
China,2019,Manufacturing,2777,55%,
China,2014,Services,4776,12%,-2.5
India,2020,Agriculture,2316,55%,
Germany,2023,Manufacturing,4342,55%,0
Germany,2012,Manufacturing,4546,12%,4.1
UK,2014,Agriculture,3951,55%,
India,2023,Services,2778,45%,
China,2012,Services,4221,30%,4.1
Germany,2020,Services,1499,45%,7.8
India,2019,Manufacturing,4432,40%,7.8
France,2020,Manufacturing,1618,,0
Germany,2016,Manufacturing,1372,40%,7.8
Japan,2022,Manufacturing,910,40%,5.6
France,2010,Manufacturing,791,55%,7.8
Brazil,2018,Services,1780,30%,-2.5
Germany,2018,Agriculture,4954,12%,7.8
China,2014,Services,2983,55%,5.6
USA,2018,Services,3568,30%,
France,2019,Manufacturing,4559,55%,5.6
Brazil,2022,Agriculture,4576,,0
UK,2015,Agriculture,3217,25%,3.2
UK,2014,Services,1968,40%,5.6
China,2022,Agriculture,2268,30%,0
Germany,2012,Services,1390,,0
India,2020,Services,4689,35%,7.8
Germany,2020,Services,1564,12%,7.8
China,2017,Services,1461,40%,0
UK,2013,Manufacturing,3086,35%,
Germany,2019,Agriculture,4217,25%,-2.5
UK,2022,Manufacturing,1072,35%,
France,2022,Manufacturing,4677,30%,0
Brazil,2012,Manufacturing,2336,55%,7.8
India,2022,Services,2808,45%,5.6
France,2015,Services,4722,12%,-2.5
UK,2017,Manufacturing,3821,30%,3.2
UK,2022,Manufacturing,1162,12%,
USA,2018,Agriculture,1995,30%,5.6
USA,2023,Manufacturing,4858,55%,7.8
France,2015,Services,1608,,5.6
Japan,2014,Manufacturing,3929,40%,5.6
France,2021,Agriculture,691,40%,7.8
USA,2020,Agriculture,2287,40%,5.6
UK,2011,Manufacturing,4957,35%,0
China,2011,Agriculture,3536,12%,
France,2018,Agriculture,3275,30%,-2.5
UK,2011,Services,1064,30%,
China,2011,Agriculture,2071,,4.1
China,2012,Agriculture,2726,40%,7.8
USA,2012,Manufacturing,1590,40%,-2.5
France,2013,Services,2986,25%,0
Germany,2016,Agriculture,3156,40%,7.8
India,2018,Manufacturing,833,25%,0
USA,2011,Manufacturing,720,35%,3.2
USA,2013,Manufacturing,2819,30%,3.2
Germany,2018,Manufacturing,2623,25%,3.2
India,2023,Manufacturing,2634,30%,-2.5
UK,2011,Manufacturing,4992,40%,4.1
Japan,2019,Agriculture,1327,30%,
France,2020,Services,3093,45%,
Japan,2022,Services,3222,55%,3.2
UK,2010,Manufacturing,3832,40%,3.2
Brazil,2019,Manufacturing,227,12%,0
USA,2017,Services,325,,4.1
India,2018,Agriculture,2409,55%,5.6
USA,2016,Manufacturing,3531,35%,4.1
China,2017,Services,4936,55%,4.1
USA,2013,Services,3409,12%,5.6
USA,2013,Manufacturing,1474,40%,
UK,2022,Services,4172,30%,
UK,2011,Agriculture,3010,,3.2
UK,2017,Services,2519,12%,
Japan,2020,Manufacturing,3135,35%,5.6
China,2011,Manufacturing,2422,12%,4.1
Brazil,2018,Services,4118,25%,3.2
Brazil,2023,Services,1640,,3.2
UK,2013,Manufacturing,4430,,-2.5
India,2010,Agriculture,1162,55%,7.8
Japan,2022,Services,1118,45%,5.6
Germany,2013,Agriculture,2595,45%,3.2
India,2012,Agriculture,3699,45%,5.6
France,2021,Manufacturing,1864,35%,-2.5
France,2015,Manufacturing,3957,45%,4.1
India,2016,Manufacturing,3781,30%,-2.5
UK,2017,Agriculture,2242,,3.2
Germany,2011,Manufacturing,131,40%,5.6
Germany,2015,Manufacturing,3756,,5.6
Japan,2015,Agriculture,3226,55%,5.6
Germany,2019,Agriculture,1875,12%,-2.5
France,2021,Agriculture,131,25%,0
China,2014,Agriculture,143,40%,0
UK,2019,Services,392,45%,5.6
Germany,2019,Manufacturing,2458,45%,5.6
Japan,2016,Services,1904,40%,7.8
France,2012,Agriculture,4049,30%,3.2
China,2013,Agriculture,1139,45%,-2.5
USA,2019,Agriculture,673,25%,7.8
USA,2022,Agriculture,917,55%,5.6
China,2018,Agriculture,2526,40%,
France,2013,Manufacturing,3522,40%,0
Japan,2012,Services,220,30%,0
China,2023,Services,1832,45%,7.8
UK,2011,Manufacturing,627,12%,0
UK,2014,Manufacturing,117,35%,0
USA,2013,Manufacturing,1565,25%,
Germany,2022,Services,50,55%,3.2
Japan,2022,Services,2248,,5.6
USA,2017,Agriculture,951,12%,4.1
Germany,2016,Services,4895,25%,7.8
Germany,2015,Services,844,,
Brazil,2020,Manufacturing,2116,25%,-2.5
UK,2021,Services,1869,35%,-2.5
France,2011,Agriculture,420,30%,
India,2012,Services,2588,35%,5.6
France,2019,Manufacturing,3957,,-2.5
India,2018,Manufacturing,2104,30%,
China,2022,Agriculture,2646,,0
UK,2018,Agriculture,4516,55%,3.2
Germany,2014,Services,1738,45%,7.8
Japan,2023,Agriculture,4902,40%,7.8
India,2012,Agriculture,3371,,0
France,2011,Manufacturing,1188,30%,4.1
Germany,2017,Manufacturing,2671,35%,5.6
India,2015,Services,2778,55%,3.2
India,2019,Services,1215,25%,-2.5
Brazil,2020,Services,1558,40%,4.1
India,2021,Services,3891,45%,7.8
Japan,2016,Manufacturing,4608,12%,7.8
UK,2010,Services,4626,25%,5.6
Japan,2010,Services,4968,40%,3.2
USA,2019,Agriculture,573,55%,
Germany,2011,Services,2308,12%,-2.5
UK,2019,Agriculture,4389,40%,7.8
Brazil,2012,Manufacturing,288,25%,7.8
UK,2021,Services,1270,35%,-2.5
UK,2010,Agriculture,818,55%,4.1
France,2023,Services,284,12%,3.2
UK,2014,Agriculture,2810,30%,3.2
Brazil,2012,Services,4642,,3.2
Japan,2010,Manufacturing,1569,35%,7.8
UK,2017,Manufacturing,1953,,
China,2021,Agriculture,2284,,0
Germany,2020,Agriculture,985,12%,4.1
UK,2015,Manufacturing,1318,45%,7.8
Germany,2018,Services,868,40%,5.6
China,2012,Agriculture,3617,40%,4.1
China,2018,Manufacturing,4167,30%,5.6
Germany,2018,Agriculture,2165,45%,
India,2021,Manufacturing,2489,55%,4.1
USA,2022,Manufacturing,3437,12%,7.8
France,2021,Agriculture,1138,40%,7.8
India,2010,Agriculture,1877,45%,-2.5
India,2012,Manufacturing,4874,25%,3.2
Japan,2015,Services,2638,25%,
France,2017,Manufacturing,2665,45%,-2.5
France,2013,Services,1923,40%,
India,2014,Services,4357,,5.6
UK,2018,Services,1823,,5.6
Japan,2015,Agriculture,249,45%,0
Japan,2021,Manufacturing,227,55%,3.2
China,2016,Manufacturing,980,,3.2
Brazil,2016,Services,3786,55%,
France,2013,Services,2086,25%,5.6
India,2013,Services,1535,35%,-2.5
China,2013,Manufacturing,2141,12%,7.8
Germany,2023,Services,4313,35%,3.2
USA,2020,Manufacturing,2434,55%,7.8
Brazil,2014,Manufacturing,4138,30%,5.6
Brazil,2014,Agriculture,4731,30%,0
Brazil,2017,Services,1965,,5.6
Japan,2018,Services,65,35%,7.8
Germany,2011,Services,2984,55%,5.6
Brazil,2020,Agriculture,886,40%,3.2
Germany,2016,Services,2207,35%,
UK,2010,Manufacturing,1626,25%,
Brazil,2010,Services,355,30%,7.8
USA,2013,Manufacturing,2103,55%,7.8
Germany,2019,Manufacturing,2940,25%,0
Germany,2016,Manufacturing,3394,35%,4.1
USA,2011,Manufacturing,4506,45%,3.2
Brazil,2020,Services,1258,45%,-2.5
USA,2011,Agriculture,1908,12%,4.1
Germany,2010,Agriculture,2753,30%,0
USA,2019,Manufacturing,2021,40%,3.2
Germany,2011,Services,1163,45%,
Germany,2022,Agriculture,1033,40%,-2.5
UK,2016,Services,3360,12%,4.1
India,2018,Agriculture,4051,35%,
Germany,2015,Manufacturing,2821,30%,7.8
Brazil,2019,Manufacturing,3202,30%,
